rule_id,severity,arm_sku_name,arm_region_name,meter_name,previous_value,current_value,delta_pct,details,detected_at
PRICE_DRIFT,HIGH,Standard_D2s_v3,westeurope,D2s v3,0.212000,0.250160,18.0,"D2s v3 (1 Hour) moved 0.212000 -> 0.250160 USD = +18.00%, above the 5.0% threshold. [SYNTHETIC - intentionally injected]",2026-08-12T01:44:56+00:00
PRICE_GAP,HIGH,Standard_D2s_v3,eastus,D2s v3,0.096,MISSING,,Meter 'D2s v3' was priced at 0.096 in run 20260812T014442-bb179e and is absent from this run.,2026-08-12T01:44:56+00:00
NON_POSITIVE_PRICE,LOW,Account Encrypted GRS,eastus,Account Encrypted Delete Operations,,0.0,,Consumption meter 'Account Encrypted Delete Operations' priced at 0.0 - zero price; confirm the operation is genuinely free.,2026-08-12T01:44:56+00:00
NON_POSITIVE_PRICE,LOW,Account Encrypted GZRS,eastus,Account Encrypted Delete Operations,,0.0,,Consumption meter 'Account Encrypted Delete Operations' priced at 0.0 - zero price; confirm the operation is genuinely free.,2026-08-12T01:44:56+00:00
NON_POSITIVE_PRICE,LOW,Account Encrypted LRS,eastus,Account Encrypted Delete Operations,,0.0,,Consumption meter 'Account Encrypted Delete Operations' priced at 0.0 - zero price; confirm the operation is genuinely free.,2026-08-12T01:44:56+00:00
NON_POSITIVE_PRICE,LOW,Account Encrypted RA-GRS,eastus,Account Encrypted Delete Operations,,0.0,,Consumption meter 'Account Encrypted Delete Operations' priced at 0.0 - zero price; confirm the operation is genuinely free.,2026-08-12T01:44:56+00:00
NON_POSITIVE_PRICE,LOW,Account Encrypted RA-GZRS,eastus,Account Encrypted Delete Operations,,0.0,,Consumption meter 'Account Encrypted Delete Operations' priced at 0.0 - zero price; confirm the operation is genuinely free.,2026-08-12T01:44:56+00:00
NON_POSITIVE_PRICE,LOW,Account Encrypted ZRS,eastus,Account Encrypted Delete Operations,,0.0,,Consumption meter 'Account Encrypted Delete Operations' priced at 0.0 - zero price; confirm the operation is genuinely free.,2026-08-12T01:44:56+00:00
NON_POSITIVE_PRICE,LOW,Archive GRS,eastus,Archive Data Write,,0.0,,Consumption meter 'Archive Data Write' priced at 0.0 - zero price; confirm the operation is genuinely free.,2026-08-12T01:44:56+00:00
NON_POSITIVE_PRICE,LOW,Archive GRS,eastus,Archive Data Write,,0.0,,Consumption meter 'Archive Data Write' priced at 0.0 - zero price; confirm the operation is genuinely free.,2026-08-12T01:44:56+00:00
NON_POSITIVE_PRICE,LOW,Archive LRS,eastus,Archive Data Write,,0.0,,Consumption meter 'Archive Data Write' priced at 0.0 - zero price; confirm the operation is genuinely free.,2026-08-12T01:44:56+00:00
NON_POSITIVE_PRICE,LOW,Archive LRS,eastus,Archive Data Write,,0.0,,Consumption meter 'Archive Data Write' priced at 0.0 - zero price; confirm the operation is genuinely free.,2026-08-12T01:44:56+00:00
NON_POSITIVE_PRICE,LOW,Archive LRS,eastus,Archive Data Write,,0.0,,Consumption meter 'Archive Data Write' priced at 0.0 - zero price; confirm the operation is genuinely free.,2026-08-12T01:44:56+00:00
NON_POSITIVE_PRICE,LOW,Archive RA-GRS,eastus,Archive Data Write,,0.0,,Consumption meter 'Archive Data Write' priced at 0.0 - zero price; confirm the operation is genuinely free.,2026-08-12T01:44:56+00:00
NON_POSITIVE_PRICE,LOW,Archive RA-GRS,eastus,Archive Data Write,,0.0,,Consumption meter 'Archive Data Write' priced at 0.0 - zero price; confirm the operation is genuinely free.,2026-08-12T01:44:56+00:00
NON_POSITIVE_PRICE,LOW,Cold,eastus,Cold RA-GZRS Data Write,,0.0,,Consumption meter 'Cold RA-GZRS Data Write' priced at 0.0 - zero price; confirm the operation is genuinely free.,2026-08-12T01:44:56+00:00
NON_POSITIVE_PRICE,LOW,Cold,eastus,Cold RA-GRS Data Write,,0.0,,Consumption meter 'Cold RA-GRS Data Write' priced at 0.0 - zero price; confirm the operation is genuinely free.,2026-08-12T01:44:56+00:00
NON_POSITIVE_PRICE,LOW,Cold,eastus,Cold GRS Data Write,,0.0,,Consumption meter 'Cold GRS Data Write' priced at 0.0 - zero price; confirm the operation is genuinely free.,2026-08-12T01:44:56+00:00
NON_POSITIVE_PRICE,LOW,Cold,eastus,Cold GRS Data Write,,0.0,,Consumption meter 'Cold GRS Data Write' priced at 0.0 - zero price; confirm the operation is genuinely free.,2026-08-12T01:44:56+00:00
NON_POSITIVE_PRICE,LOW,Cold,eastus,Cold RA-GRS Data Write,,0.0,,Consumption meter 'Cold RA-GRS Data Write' priced at 0.0 - zero price; confirm the operation is genuinely free.,2026-08-12T01:44:56+00:00
NON_POSITIVE_PRICE,LOW,Cold,eastus,Cold GZRS Data Write,,0.0,,Consumption meter 'Cold GZRS Data Write' priced at 0.0 - zero price; confirm the operation is genuinely free.,2026-08-12T01:44:56+00:00
NON_POSITIVE_PRICE,LOW,Cold,eastus,Cold GZRS Data Write,,0.0,,Consumption meter 'Cold GZRS Data Write' priced at 0.0 - zero price; confirm the operation is genuinely free.,2026-08-12T01:44:56+00:00
NON_POSITIVE_PRICE,LOW,Cold,eastus,Cold LRS Data Write,,0.0,,Consumption meter 'Cold LRS Data Write' priced at 0.0 - zero price; confirm the operation is genuinely free.,2026-08-12T01:44:56+00:00
NON_POSITIVE_PRICE,LOW,Cold,eastus,Cold RA-GRS Data Write,,0.0,,Consumption meter 'Cold RA-GRS Data Write' priced at 0.0 - zero price; confirm the operation is genuinely free.,2026-08-12T01:44:56+00:00
NON_POSITIVE_PRICE,LOW,Cold,eastus,Cold ZRS Data Write,,0.0,,Consumption meter 'Cold ZRS Data Write' priced at 0.0 - zero price; confirm the operation is genuinely free.,2026-08-12T01:44:56+00:00
NON_POSITIVE_PRICE,LOW,Cold,eastus,Cold RA-GZRS Data Write,,0.0,,Consumption meter 'Cold RA-GZRS Data Write' priced at 0.0 - zero price; confirm the operation is genuinely free.,2026-08-12T01:44:56+00:00
NON_POSITIVE_PRICE,LOW,Cold,eastus,Cold RA-GRS Data Write,,0.0,,Consumption meter 'Cold RA-GRS Data Write' priced at 0.0 - zero price; confirm the operation is genuinely free.,2026-08-12T01:44:56+00:00
NON_POSITIVE_PRICE,LOW,Cold,eastus,Cold GRS Data Write,,0.0,,Consumption meter 'Cold GRS Data Write' priced at 0.0 - zero price; confirm the operation is genuinely free.,2026-08-12T01:44:56+00:00
NON_POSITIVE_PRICE,LOW,Cold,eastus,Cold ZRS Data Write,,0.0,,Consumption meter 'Cold ZRS Data Write' priced at 0.0 - zero price; confirm the operation is genuinely free.,2026-08-12T01:44:56+00:00
NON_POSITIVE_PRICE,LOW,Cold,eastus,Cold RA-GZRS Data Write,,0.0,,Consumption meter 'Cold RA-GZRS Data Write' priced at 0.0 - zero price; confirm the operation is genuinely free.,2026-08-12T01:44:56+00:00
NON_POSITIVE_PRICE,LOW,Cold,eastus,Cold ZRS Data Write,,0.0,,Consumption meter 'Cold ZRS Data Write' priced at 0.0 - zero price; confirm the operation is genuinely free.,2026-08-12T01:44:56+00:00
NON_POSITIVE_PRICE,LOW,Cold,eastus,Cold GZRS Data Write,,0.0,,Consumption meter 'Cold GZRS Data Write' priced at 0.0 - zero price; confirm the operation is genuinely free.,2026-08-12T01:44:56+00:00
NON_POSITIVE_PRICE,LOW,Cold,eastus,Cold LRS Data Write,,0.0,,Consumption meter 'Cold LRS Data Write' priced at 0.0 - zero price; confirm the operation is genuinely free.,2026-08-12T01:44:56+00:00
NON_POSITIVE_PRICE,LOW,Cold,eastus,Cold GRS Data Write,,0.0,,Consumption meter 'Cold GRS Data Write' priced at 0.0 - zero price; confirm the operation is genuinely free.,2026-08-12T01:44:56+00:00
NON_POSITIVE_PRICE,LOW,Cold,eastus,Cold RA-GRS Data Write,,0.0,,Consumption meter 'Cold RA-GRS Data Write' priced at 0.0 - zero price; confirm the operation is genuinely free.,2026-08-12T01:44:56+00:00
NON_POSITIVE_PRICE,LOW,Cold,eastus,Cold GRS Data Write,,0.0,,Consumption meter 'Cold GRS Data Write' priced at 0.0 - zero price; confirm the operation is genuinely free.,2026-08-12T01:44:56+00:00
NON_POSITIVE_PRICE,LOW,Cold,eastus,Cold GZRS Data Write,,0.0,,Consumption meter 'Cold GZRS Data Write' priced at 0.0 - zero price; confirm the operation is genuinely free.,2026-08-12T01:44:56+00:00
NON_POSITIVE_PRICE,LOW,Cold,eastus,Cold ZRS Data Write,,0.0,,Consumption meter 'Cold ZRS Data Write' priced at 0.0 - zero price; confirm the operation is genuinely free.,2026-08-12T01:44:56+00:00
NON_POSITIVE_PRICE,LOW,Cold,eastus,Cold RA-GZRS Data Write,,0.0,,Consumption meter 'Cold RA-GZRS Data Write' priced at 0.0 - zero price; confirm the operation is genuinely free.,2026-08-12T01:44:56+00:00
NON_POSITIVE_PRICE,LOW,Cold,eastus,Cold LRS Data Write,,0.0,,Consumption meter 'Cold LRS Data Write' priced at 0.0 - zero price; confirm the operation is genuinely free.,2026-08-12T01:44:56+00:00
NON_POSITIVE_PRICE,LOW,Cold,eastus,Cold LRS Data Write,,0.0,,Consumption meter 'Cold LRS Data Write' priced at 0.0 - zero price; confirm the operation is genuinely free.,2026-08-12T01:44:56+00:00
NON_POSITIVE_PRICE,LOW,Cold,eastus,Cold LRS Data Write,,0.0,,Consumption meter 'Cold LRS Data Write' priced at 0.0 - zero price; confirm the operation is genuinely free.,2026-08-12T01:44:56+00:00
NON_POSITIVE_PRICE,LOW,Geo-Replication,eastus,Geo-Replication Data Transfer,,0.0,,Consumption meter 'Geo-Replication Data Transfer' priced at 0.0 - zero price; confirm the operation is genuinely free.,2026-08-12T01:44:56+00:00
NON_POSITIVE_PRICE,LOW,Hot GRS,eastus,Delete Operations,,0.0,,Consumption meter 'Delete Operations' priced at 0.0 - zero price; confirm the operation is genuinely free.,2026-08-12T01:44:56+00:00
NON_POSITIVE_PRICE,LOW,Hot GRS,eastus,Hot GRS Delete Operations,,0.0,,Consumption meter 'Hot GRS Delete Operations' priced at 0.0 - zero price; confirm the operation is genuinely free.,2026-08-12T01:44:56+00:00
NON_POSITIVE_PRICE,LOW,Hot GRS,eastus,Delete Operations,,0.0,,Consumption meter 'Delete Operations' priced at 0.0 - zero price; confirm the operation is genuinely free.,2026-08-12T01:44:56+00:00
NON_POSITIVE_PRICE,LOW,Hot GZRS,eastus,Delete Operations,,0.0,,Consumption meter 'Delete Operations' priced at 0.0 - zero price; confirm the operation is genuinely free.,2026-08-12T01:44:56+00:00
NON_POSITIVE_PRICE,LOW,Hot GZRS,eastus,Hot GZRS Delete Operations,,0.0,,Consumption meter 'Hot GZRS Delete Operations' priced at 0.0 - zero price; confirm the operation is genuinely free.,2026-08-12T01:44:56+00:00
NON_POSITIVE_PRICE,LOW,Hot GZRS,eastus,Delete Operations,,0.0,,Consumption meter 'Delete Operations' priced at 0.0 - zero price; confirm the operation is genuinely free.,2026-08-12T01:44:56+00:00
NON_POSITIVE_PRICE,LOW,Hot LRS,eastus,Delete Operations,,0.0,,Consumption meter 'Delete Operations' priced at 0.0 - zero price; confirm the operation is genuinely free.,2026-08-12T01:44:56+00:00
NON_POSITIVE_PRICE,LOW,Hot LRS,eastus,Hot LRS Delete Operations,,0.0,,Consumption meter 'Hot LRS Delete Operations' priced at 0.0 - zero price; confirm the operation is genuinely free.,2026-08-12T01:44:56+00:00
NON_POSITIVE_PRICE,LOW,Hot LRS,eastus,Delete Operations,,0.0,,Consumption meter 'Delete Operations' priced at 0.0 - zero price; confirm the operation is genuinely free.,2026-08-12T01:44:56+00:00
NON_POSITIVE_PRICE,LOW,Hot RA-GRS,eastus,Delete Operations,,0.0,,Consumption meter 'Delete Operations' priced at 0.0 - zero price; confirm the operation is genuinely free.,2026-08-12T01:44:56+00:00
NON_POSITIVE_PRICE,LOW,Hot RA-GRS,eastus,Hot RA-GRS Delete Operations,,0.0,,Consumption meter 'Hot RA-GRS Delete Operations' priced at 0.0 - zero price; confirm the operation is genuinely free.,2026-08-12T01:44:56+00:00
NON_POSITIVE_PRICE,LOW,Hot RA-GRS,eastus,Delete Operations,,0.0,,Consumption meter 'Delete Operations' priced at 0.0 - zero price; confirm the operation is genuinely free.,2026-08-12T01:44:56+00:00
NON_POSITIVE_PRICE,LOW,Hot RA-GZRS,eastus,Hot RA-GZRS Delete Operations,,0.0,,Consumption meter 'Hot RA-GZRS Delete Operations' priced at 0.0 - zero price; confirm the operation is genuinely free.,2026-08-12T01:44:56+00:00
NON_POSITIVE_PRICE,LOW,Hot RA-GZRS,eastus,Delete Operations,,0.0,,Consumption meter 'Delete Operations' priced at 0.0 - zero price; confirm the operation is genuinely free.,2026-08-12T01:44:56+00:00
NON_POSITIVE_PRICE,LOW,Hot RA-GZRS,eastus,Delete Operations,,0.0,,Consumption meter 'Delete Operations' priced at 0.0 - zero price; confirm the operation is genuinely free.,2026-08-12T01:44:56+00:00
NON_POSITIVE_PRICE,LOW,Hot ZRS,eastus,Hot ZRS Delete Operations,,0.0,,Consumption meter 'Hot ZRS Delete Operations' priced at 0.0 - zero price; confirm the operation is genuinely free.,2026-08-12T01:44:56+00:00
NON_POSITIVE_PRICE,LOW,Hot ZRS,eastus,Delete Operations,,0.0,,Consumption meter 'Delete Operations' priced at 0.0 - zero price; confirm the operation is genuinely free.,2026-08-12T01:44:56+00:00
NON_POSITIVE_PRICE,LOW,Hot ZRS,eastus,Delete Operations,,0.0,,Consumption meter 'Delete Operations' priced at 0.0 - zero price; confirm the operation is genuinely free.,2026-08-12T01:44:56+00:00
NON_POSITIVE_PRICE,LOW,Premium LRS,eastus,Premium LRS Provisioned Throughput (MBps),,0.0,,Consumption meter 'Premium LRS Provisioned Throughput (MBps)' priced at 0.0 - zero price; confirm the operation is genuinely free.,2026-08-12T01:44:56+00:00
NON_POSITIVE_PRICE,LOW,Premium LRS,eastus,Premium LRS Provisioned IOPS,,0.0,,Consumption meter 'Premium LRS Provisioned IOPS' priced at 0.0 - zero price; confirm the operation is genuinely free.,2026-08-12T01:44:56+00:00
NON_POSITIVE_PRICE,LOW,SSD,eastus,SSD ZRS Provisioned Throughput MiBPS Free,,0.0,,Consumption meter 'SSD ZRS Provisioned Throughput MiBPS Free' priced at 0.0 - zero price; confirm the operation is genuinely free.,2026-08-12T01:44:56+00:00
NON_POSITIVE_PRICE,LOW,SSD,eastus,SSD LRS Provisioned IOPS Free,,0.0,,Consumption meter 'SSD LRS Provisioned IOPS Free' priced at 0.0 - zero price; confirm the operation is genuinely free.,2026-08-12T01:44:56+00:00
NON_POSITIVE_PRICE,LOW,SSD,eastus,SSD ZRS Provisioned IOPS Free,,0.0,,Consumption meter 'SSD ZRS Provisioned IOPS Free' priced at 0.0 - zero price; confirm the operation is genuinely free.,2026-08-12T01:44:56+00:00
NON_POSITIVE_PRICE,LOW,SSD,eastus,SSD LRS Provisioned Throughput MiBPS Free,,0.0,,Consumption meter 'SSD LRS Provisioned Throughput MiBPS Free' priced at 0.0 - zero price; confirm the operation is genuinely free.,2026-08-12T01:44:56+00:00
NON_POSITIVE_PRICE,LOW,Standard,eastus,Standard Server - Free,,0.0,,Consumption meter 'Standard Server - Free' priced at 0.0 - zero price; confirm the operation is genuinely free.,2026-08-12T01:44:56+00:00
NON_POSITIVE_PRICE,LOW,Standard GRS,eastus,GRS Class 1 Additional IO,,0.0,,Consumption meter 'GRS Class 1 Additional IO' priced at 0.0 - zero price; confirm the operation is genuinely free.,2026-08-12T01:44:56+00:00
NON_POSITIVE_PRICE,LOW,Standard GRS,eastus,Disk Write Additional IO,,0.0,,Consumption meter 'Disk Write Additional IO' priced at 0.0 - zero price; confirm the operation is genuinely free.,2026-08-12T01:44:56+00:00
NON_POSITIVE_PRICE,LOW,Standard GRS,eastus,GRS Write Additional IO,,0.0,,Consumption meter 'GRS Write Additional IO' priced at 0.0 - zero price; confirm the operation is genuinely free.,2026-08-12T01:44:56+00:00
NON_POSITIVE_PRICE,LOW,Standard GRS,eastus,Disk Read Additional IO,,0.0,,Consumption meter 'Disk Read Additional IO' priced at 0.0 - zero price; confirm the operation is genuinely free.,2026-08-12T01:44:56+00:00
NON_POSITIVE_PRICE,LOW,Standard GRS,eastus,Delete Operations,,0.0,,Consumption meter 'Delete Operations' priced at 0.0 - zero price; confirm the operation is genuinely free.,2026-08-12T01:44:56+00:00
NON_POSITIVE_PRICE,LOW,Standard GRS,eastus,GRS Class 2 Additional IO,,0.0,,Consumption meter 'GRS Class 2 Additional IO' priced at 0.0 - zero price; confirm the operation is genuinely free.,2026-08-12T01:44:56+00:00
NON_POSITIVE_PRICE,LOW,Standard GRS,eastus,Delete Operations,,0.0,,Consumption meter 'Delete Operations' priced at 0.0 - zero price; confirm the operation is genuinely free.,2026-08-12T01:44:56+00:00
NON_POSITIVE_PRICE,LOW,Standard GRS,eastus,Read Additional IO,,0.0,,Consumption meter 'Read Additional IO' priced at 0.0 - zero price; confirm the operation is genuinely free.,2026-08-12T01:44:56+00:00
NON_POSITIVE_PRICE,LOW,Standard GRS,eastus,Delete Operations,,0.0,,Consumption meter 'Delete Operations' priced at 0.0 - zero price; confirm the operation is genuinely free.,2026-08-12T01:44:56+00:00
NON_POSITIVE_PRICE,LOW,Standard GZRS,eastus,Delete Operations,,0.0,,Consumption meter 'Delete Operations' priced at 0.0 - zero price; confirm the operation is genuinely free.,2026-08-12T01:44:56+00:00
NON_POSITIVE_PRICE,LOW,Standard GZRS,eastus,Delete Operations,,0.0,,Consumption meter 'Delete Operations' priced at 0.0 - zero price; confirm the operation is genuinely free.,2026-08-12T01:44:56+00:00
NON_POSITIVE_PRICE,LOW,Standard LRS,eastus,Delete Operations,,0.0,,Consumption meter 'Delete Operations' priced at 0.0 - zero price; confirm the operation is genuinely free.,2026-08-12T01:44:56+00:00
NON_POSITIVE_PRICE,LOW,Standard LRS,eastus,Delete Operations,,0.0,,Consumption meter 'Delete Operations' priced at 0.0 - zero price; confirm the operation is genuinely free.,2026-08-12T01:44:56+00:00
NON_POSITIVE_PRICE,LOW,Standard LRS,eastus,Read Additional IO,,0.0,,Consumption meter 'Read Additional IO' priced at 0.0 - zero price; confirm the operation is genuinely free.,2026-08-12T01:44:56+00:00
NON_POSITIVE_PRICE,LOW,Standard LRS,eastus,Disk Read Additional IO,,0.0,,Consumption meter 'Disk Read Additional IO' priced at 0.0 - zero price; confirm the operation is genuinely free.,2026-08-12T01:44:56+00:00
NON_POSITIVE_PRICE,LOW,Standard LRS,eastus,LRS Class 2 Additional IO,,0.0,,Consumption meter 'LRS Class 2 Additional IO' priced at 0.0 - zero price; confirm the operation is genuinely free.,2026-08-12T01:44:56+00:00
NON_POSITIVE_PRICE,LOW,Standard LRS,eastus,Disk Write Additional IO,,0.0,,Consumption meter 'Disk Write Additional IO' priced at 0.0 - zero price; confirm the operation is genuinely free.,2026-08-12T01:44:56+00:00
NON_POSITIVE_PRICE,LOW,Standard LRS,eastus,LRS Write Additional IO,,0.0,,Consumption meter 'LRS Write Additional IO' priced at 0.0 - zero price; confirm the operation is genuinely free.,2026-08-12T01:44:56+00:00
NON_POSITIVE_PRICE,LOW,Standard LRS,eastus,LRS Class 1 Additional IO,,0.0,,Consumption meter 'LRS Class 1 Additional IO' priced at 0.0 - zero price; confirm the operation is genuinely free.,2026-08-12T01:44:56+00:00
NON_POSITIVE_PRICE,LOW,Standard LRS,eastus,Delete Operations,,0.0,,Consumption meter 'Delete Operations' priced at 0.0 - zero price; confirm the operation is genuinely free.,2026-08-12T01:44:56+00:00
NON_POSITIVE_PRICE,LOW,Standard RA-GRS,eastus,Disk Read Additional IO,,0.0,,Consumption meter 'Disk Read Additional IO' priced at 0.0 - zero price; confirm the operation is genuinely free.,2026-08-12T01:44:56+00:00
NON_POSITIVE_PRICE,LOW,Standard RA-GRS,eastus,Read Additional IO,,0.0,,Consumption meter 'Read Additional IO' priced at 0.0 - zero price; confirm the operation is genuinely free.,2026-08-12T01:44:56+00:00
NON_POSITIVE_PRICE,LOW,Standard RA-GRS,eastus,GRS Class 2 Additional IO,,0.0,,Consumption meter 'GRS Class 2 Additional IO' priced at 0.0 - zero price; confirm the operation is genuinely free.,2026-08-12T01:44:56+00:00
NON_POSITIVE_PRICE,LOW,Standard RA-GRS,eastus,GRS Class 1 Additional IO,,0.0,,Consumption meter 'GRS Class 1 Additional IO' priced at 0.0 - zero price; confirm the operation is genuinely free.,2026-08-12T01:44:56+00:00
NON_POSITIVE_PRICE,LOW,Standard RA-GRS,eastus,GRS Write Additional IO,,0.0,,Consumption meter 'GRS Write Additional IO' priced at 0.0 - zero price; confirm the operation is genuinely free.,2026-08-12T01:44:56+00:00
NON_POSITIVE_PRICE,LOW,Standard RA-GRS,eastus,Delete Operations,,0.0,,Consumption meter 'Delete Operations' priced at 0.0 - zero price; confirm the operation is genuinely free.,2026-08-12T01:44:56+00:00
NON_POSITIVE_PRICE,LOW,Standard RA-GRS,eastus,Disk Write Additional IO,,0.0,,Consumption meter 'Disk Write Additional IO' priced at 0.0 - zero price; confirm the operation is genuinely free.,2026-08-12T01:44:56+00:00
NON_POSITIVE_PRICE,LOW,Standard RA-GZRS,eastus,Delete Operations,,0.0,,Consumption meter 'Delete Operations' priced at 0.0 - zero price; confirm the operation is genuinely free.,2026-08-12T01:44:56+00:00
NON_POSITIVE_PRICE,LOW,Standard ZRS,eastus,Delete Operations,,0.0,,Consumption meter 'Delete Operations' priced at 0.0 - zero price; confirm the operation is genuinely free.,2026-08-12T01:44:56+00:00
NON_POSITIVE_PRICE,LOW,Standard ZRS,eastus,Delete Operations,,0.0,,Consumption meter 'Delete Operations' priced at 0.0 - zero price; confirm the operation is genuinely free.,2026-08-12T01:44:56+00:00
